[{"model": "auth.user", "fields": {"password": "pbkdf2_sha256$600000$bXOBQUAQZnLUaAA7jFtbjr$Cp4hVhiv97RUQ+JCedSyeYnNho8C8VDI0RYDD1NTpf0=", "last_login": "2025-12-23T04:00:41.066Z", "is_superuser": true, "username": "admin", "first_name": "", "last_name": "", "email": "", "is_staff": true, "is_active": true, "date_joined": "2025-12-23T03:59:21.057Z", "groups": [], "user_permissions": []}}, {"model": "auth.user", "fields": {"password": "pbkdf2_sha256$600000$SD52JMTVnBw6svnhBzSWZl$yAQ2QjzXuBbEbXBnSSk1Bm1j2zgppXmbdshPuI5TWm8=", "last_login": "2025-12-24T09:51:50.169Z", "is_superuser": false, "username": "usera", "first_name": "sunny", "last_name": "rai", "email": "usera@example.com", "is_staff": false, "is_active": true, "date_joined": "2025-12-23T04:10:33.397Z", "groups": [], "user_permissions": []}}, {"model": "auth.user", "fields": {"password": "pbkdf2_sha256$600000$ir7eELp7Z66lbx3t3wAVay$dwEJ/TmaglL5yYkE+UbuENIUyHPP6ZiJ1TxSs3pe5cw=", "last_login": "2025-12-24T10:17:33.249Z", "is_superuser": true, "username": "ashur235", "first_name": "", "last_name": "", "email": "", "is_staff": true, "is_active": true, "date_joined": "2025-12-23T19:25:31.740Z", "groups": [], "user_permissions": []}}, {"model": "auth.user", "fields": {"password": "pbkdf2_sha256$600000$981oMqq9FFzE5JmEGhNYFI$UeDIVRlK9B74J+CeY7BhARWLnw0YKO/RXckx1FbFZ98=", "last_login": "2025-12-24T09:40:08.267Z", "is_superuser": false, "username": "ravan12", "first_name": "", "last_name": "", "email": "raiashwani151104@gmail.com", "is_staff": false, "is_active": true, "date_joined": "2025-12-24T06:32:24.526Z", "groups": [], "user_permissions": []}}, {"model": "auth.user", "fields": {"password": "pbkdf2_sha256$600000$mE7vWDRtrjk1TPHDLLXxX5$jtidglHvqTJkXwljU5Wmj+khfpdU55sgTHoKOVoDT/o=", "last_login": "2025-12-24T09:27:15.348Z", "is_superuser": false, "username": "ayush12", "first_name": "", "last_name": "", "email": "ayushnan123@gmail.cpm", "is_staff": false, "is_active": true, "date_joined": "2025-12-24T09:25:37.722Z", "groups": [], "user_permissions": []}}, {"model": "sessions.session", "pk": "0lzxpk6c3hydx7s7jpc6zwh1zsg39hxg", "fields": {"session_data": ".eJxVjEEOwiAQRe_C2hDAoUNduvcMZICpVA0kpV0Z726bdNFu33v_f4WnZc5-aTz5MYmbAHE5skDxzWUT6UXlWWWsZZ7GILdE7rbJR038ue_t6SBTy-vaXMkicLCsNMY-oaGAg-mcRj1wcj2BAlKAFGIktgBsV4DYWacYtfj9AeGZN58:1vY81w:VmJOGjQf9en-KZMK5MJ9YIf85PHJaEnTd_Y21sWwRsk", "expire_date": "2026-01-06T19:26:48.104Z"}}, {"model": "users.profile", "pk": 1, "fields": {"user": ["usera"], "bio": "", "phone_number": "7050440715", "otp": null, "otp_created_at": "2025-12-23T21:05:48.252Z", "avatar_style": "circle", "avatar_color": "red", "avatar_icon": "mountain"}}, {"model": "users.profile", "pk": 2, "fields": {"user": ["ashur235"], "bio": "", "phone_number": "", "otp": "309817", "otp_created_at": "2025-12-23T20:30:34.796Z", "avatar_style": "circle", "avatar_color": "blue", "avatar_icon": "person"}}, {"model": "users.profile", "pk": 3, "fields": {"user": ["ravan12"], "bio": "", "phone_number": "", "otp": null, "otp_created_at": null, "avatar_style": "circle", "avatar_color": "blue", "avatar_icon": "person"}}, {"model": "users.profile", "pk": 4, "fields": {"user": ["ayush12"], "bio": "", "phone_number": "", "otp": null, "otp_created_at": null, "avatar_style": "circle", "avatar_color": "blue", "avatar_icon": "person"}}, {"model": "trips.trip", "pk": "238e15a5-9e02-460d-ae7c-d2d523dad3b0", "fields": {"title": "unknown place", "description": "????", "owner": ["ashur235"], "created_at": "2025-12-24T10:18:08.369Z", "updated_at": "2025-12-24T10:18:08.369Z", "collaborators": []}}, {"model": "trips.trip", "pk": "2bb37de9-a788-4881-ae19-8c9a9d22e311", "fields": {"title": "shimla trip", "description": "chale", "owner": ["usera"], "created_at": "2025-12-24T09:18:58.201Z", "updated_at": "2025-12-24T09:18:58.201Z", "collaborators": [["ravan12"], ["ayush12"]]}}, {"model": "trips.trip", "pk": "6cc46629-6458-4295-9f7c-30231d1300ca", "fields": {"title": "Goa trip", "description": "chalo chale", "owner": ["usera"], "created_at": "2025-12-23T21:21:11.870Z", "updated_at": "2025-12-23T21:21:11.870Z", "collaborators": [["ravan12"]]}}, {"model": "trips.trip", "pk": "80530d18-8d74-4833-982b-4b30093549f9", "fields": {"title": "kashmir trip", "description": "??", "owner": ["usera"], "created_at": "2025-12-24T09:52:26.047Z", "updated_at": "2025-12-24T09:52:26.047Z", "collaborators": []}}, {"model": "trips.itineraryitem", "pk": 4, "fields": {"trip": "6cc46629-6458-4295-9f7c-30231d1300ca", "title": "Day 1", "description": "arrival", "created_by": ["usera"], "order": 1, "created_at": "2025-12-24T06:49:18.664Z", "updated_at": "2025-12-24T06:49:18.664Z"}}, {"model": "trips.itineraryitem", "pk": 5, "fields": {"trip": "6cc46629-6458-4295-9f7c-30231d1300ca", "title": "day 2", "description": "hotel checkin", "created_by": ["ravan12"], "order": 2, "created_at": "2025-12-24T08:47:45.917Z", "updated_at": "2025-12-24T08:47:45.917Z"}}, {"model": "trips.tripinvitation", "pk": 2, "fields": {"trip": "6cc46629-6458-4295-9f7c-30231d1300ca", "sender": ["usera"], "receiver": ["ravan12"], "status": "ACCEPTED", "created_at": "2025-12-24T06:46:04.880Z", "updated_at": "2025-12-24T06:46:28.412Z"}}, {"model": "trips.tripinvitation", "pk": 3, "fields": {"trip": "2bb37de9-a788-4881-ae19-8c9a9d22e311", "sender": ["usera"], "receiver": ["ravan12"], "status": "ACCEPTED", "created_at": "2025-12-24T09:23:30.783Z", "updated_at": "2025-12-24T09:24:14.011Z"}}, {"model": "trips.tripinvitation", "pk": 4, "fields": {"trip": "2bb37de9-a788-4881-ae19-8c9a9d22e311", "sender": ["ravan12"], "receiver": ["ayush12"], "status": "ACCEPTED", "created_at": "2025-12-24T09:26:46.756Z", "updated_at": "2025-12-24T09:27:27.110Z"}}, {"model": "trips.tripnotificationstate", "pk": 1, "fields": {"user": ["ravan12"], "trip": "6cc46629-6458-4295-9f7c-30231d1300ca", "unread_chat_count": 0, "unread_poll_count": 0, "unread_itinerary_count": 0, "updated_at": "2025-12-24T09:40:46.832Z"}}, {"model": "trips.tripnotificationstate", "pk": 2, "fields": {"user": ["usera"], "trip": "6cc46629-6458-4295-9f7c-30231d1300ca", "unread_chat_count": 1, "unread_poll_count": 0, "unread_itinerary_count": 0, "updated_at": "2025-12-24T09:06:33.108Z"}}, {"model": "trips.notification", "pk": 1, "fields": {"recipient": ["ravan12"], "actor": ["usera"], "trip": "6cc46629-6458-4295-9f7c-30231d1300ca", "verb": "sent a new message", "target_type": "chat", "is_read": false, "created_at": "2025-12-24T08:18:08.984Z"}}, {"model": "trips.notification", "pk": 2, "fields": {"recipient": ["usera"], "actor": ["ravan12"], "trip": "6cc46629-6458-4295-9f7c-30231d1300ca", "verb": "sent a new message", "target_type": "chat", "is_read": false, "created_at": "2025-12-24T08:18:39.703Z"}}, {"model": "trips.notification", "pk": 3, "fields": {"recipient": ["ravan12"], "actor": ["usera"], "trip": "6cc46629-6458-4295-9f7c-30231d1300ca", "verb": "sent a new message", "target_type": "chat", "is_read": false, "created_at": "2025-12-24T08:27:28.354Z"}}, {"model": "trips.notification", "pk": 4, "fields": {"recipient": ["usera"], "actor": ["ravan12"], "trip": "6cc46629-6458-4295-9f7c-30231d1300ca", "verb": "updated the itinerary", "target_type": "itinerary", "is_read": false, "created_at": "2025-12-24T08:47:45.921Z"}}, {"model": "trips.notification", "pk": 5, "fields": {"recipient": ["usera"], "actor": ["ravan12"], "trip": "6cc46629-6458-4295-9f7c-30231d1300ca", "verb": "updated the itinerary", "target_type": "itinerary", "is_read": false, "created_at": "2025-12-24T08:48:09.347Z"}}, {"model": "trips.notification", "pk": 6, "fields": {"recipient": ["ravan12"], "actor": ["usera"], "trip": "6cc46629-6458-4295-9f7c-30231d1300ca", "verb": "updated the itinerary", "target_type": "itinerary", "is_read": false, "created_at": "2025-12-24T09:04:45.235Z"}}, {"model": "trips.notification", "pk": 7, "fields": {"recipient": ["ravan12"], "actor": ["usera"], "trip": "6cc46629-6458-4295-9f7c-30231d1300ca", "verb": "created a new poll", "target_type": "poll", "is_read": false, "created_at": "2025-12-24T09:04:55.582Z"}}, {"model": "trips.notification", "pk": 8, "fields": {"recipient": ["ravan12"], "actor": ["usera"], "trip": "6cc46629-6458-4295-9f7c-30231d1300ca", "verb": "sent a new message", "target_type": "chat", "is_read": false, "created_at": "2025-12-24T09:05:22.118Z"}}, {"model": "trips.notification", "pk": 9, "fields": {"recipient": ["usera"], "actor": ["ravan12"], "trip": "6cc46629-6458-4295-9f7c-30231d1300ca", "verb": "sent a new message", "target_type": "chat", "is_read": false, "created_at": "2025-12-24T09:06:33.110Z"}}, {"model": "polls.poll", "pk": 7, "fields": {"trip": "6cc46629-6458-4295-9f7c-30231d1300ca", "question": "ghumne chale goa?", "created_by": ["usera"], "created_at": "2025-12-24T06:49:48.193Z"}}, {"model": "polls.poll", "pk": 8, "fields": {"trip": "6cc46629-6458-4295-9f7c-30231d1300ca", "question": "chale?", "created_by": ["usera"], "created_at": "2025-12-24T07:26:16.958Z"}}, {"model": "polls.polloption", "pk": 14, "fields": {"poll": 7, "text": "ha chalte h"}}, {"model": "polls.polloption", "pk": 15, "fields": {"poll": 7, "text": "nhi man nhi h"}}, {"model": "polls.polloption", "pk": 16, "fields": {"poll": 8, "text": "ha"}}, {"model": "polls.polloption", "pk": 17, "fields": {"poll": 8, "text": "na"}}, {"model": "polls.vote", "pk": 9, "fields": {"poll": 7, "option": 15, "user": ["usera"], "created_at": "2025-12-24T06:50:06.607Z"}}, {"model": "polls.vote", "pk": 10, "fields": {"poll": 7, "option": 15, "user": ["ravan12"], "created_at": "2025-12-24T06:51:46.430Z"}}, {"model": "polls.vote", "pk": 11, "fields": {"poll": 8, "option": 16, "user": ["ravan12"], "created_at": "2025-12-24T07:26:50.779Z"}}, {"model": "polls.vote", "pk": 12, "fields": {"poll": 8, "option": 16, "user": ["usera"], "created_at": "2025-12-24T09:04:55.576Z"}}, {"model": "chat.chatmessage", "pk": 18, "fields": {"trip": "6cc46629-6458-4295-9f7c-30231d1300ca", "sender": ["ravan12"], "message": "hlw dost kaha chalna h", "created_at": "2025-12-24T06:46:41.810Z"}}, {"model": "chat.chatmessage", "pk": 19, "fields": {"trip": "6cc46629-6458-4295-9f7c-30231d1300ca", "sender": ["usera"], "message": "ghumne chale", "created_at": "2025-12-24T06:47:03.548Z"}}, {"model": "chat.chatmessage", "pk": 20, "fields": {"trip": "6cc46629-6458-4295-9f7c-30231d1300ca", "sender": ["usera"], "message": "bolo?", "created_at": "2025-12-24T06:47:11.427Z"}}, {"model": "chat.chatmessage", "pk": 21, "fields": {"trip": "6cc46629-6458-4295-9f7c-30231d1300ca", "sender": ["ravan12"], "message": "jarur", "created_at": "2025-12-24T06:47:35.147Z"}}, {"model": "chat.chatmessage", "pk": 22, "fields": {"trip": "6cc46629-6458-4295-9f7c-30231d1300ca", "sender": ["usera"], "message": "nhi abhi thandi h bhut baad me chalenge", "created_at": "2025-12-24T06:50:31.893Z"}}, {"model": "chat.chatmessage", "pk": 23, "fields": {"trip": "6cc46629-6458-4295-9f7c-30231d1300ca", "sender": ["ravan12"], "message": "ha bhai sahi bola thandi h ghar me sote raho kambal ke andar", "created_at": "2025-12-24T06:52:26.954Z"}}, {"model": "chat.chatmessage", "pk": 24, "fields": {"trip": "6cc46629-6458-4295-9f7c-30231d1300ca", "sender": ["usera"], "message": "hlw bolo", "created_at": "2025-12-24T07:26:24.046Z"}}, {"model": "chat.chatmessage", "pk": 25, "fields": {"trip": "6cc46629-6458-4295-9f7c-30231d1300ca", "sender": ["usera"], "message": "ok koi n bye", "created_at": "2025-12-24T08:18:08.980Z"}}, {"model": "chat.chatmessage", "pk": 26, "fields": {"trip": "6cc46629-6458-4295-9f7c-30231d1300ca", "sender": ["ravan12"], "message": "ok bye", "created_at": "2025-12-24T08:18:39.698Z"}}, {"model": "chat.chatmessage", "pk": 27, "fields": {"trip": "6cc46629-6458-4295-9f7c-30231d1300ca", "sender": ["usera"], "message": "haan ji", "created_at": "2025-12-24T08:27:28.339Z"}}, {"model": "chat.chatmessage", "pk": 28, "fields": {"trip": "6cc46629-6458-4295-9f7c-30231d1300ca", "sender": ["usera"], "message": "chaloge??", "created_at": "2025-12-24T09:05:22.114Z"}}, {"model": "chat.chatmessage", "pk": 29, "fields": {"trip": "6cc46629-6458-4295-9f7c-30231d1300ca", "sender": ["ravan12"], "message": "nhi", "created_at": "2025-12-24T09:06:33.106Z"}}, {"model": "admin.logentry", "pk": 1, "fields": {"action_time": "2025-12-24T09:08:33.913Z", "user": ["ashur235"], "content_type": ["auth", "user"], "object_id": "3", "object_repr": "userb", "action_flag": 3, "change_message": ""}}]